text,label
my account got suspended for no reason,1
they banned him after one joke,1
I think I am shadowbanned again,1
community notes fixed that viral claim fast,1
this post was labeled as misleading,1
free speech on this app is a joke now,1
censorship here is worse than ever,1
the moderation team never answers reports,1
hate speech stays up for days,1
so much misinformation in my feed today,1
paid verification ruined the blue checks,1
my tweet was removed without a warning,1
the trust and safety team got cut,1
he got reinstated after the appeal,1
fact-checkers flagged the video,1
they keep banning journalists,1
is the content moderation policy public,1
my account was locked overnight,1
the blue check means nothing now,1
read the community guidelines before you post,1
freedom of speech is not freedom of reach,1
another wave of suspensions this week,1
disinformation spreads faster than corrections,1
the thread got taken down after an hour,1
they deplatformed the whole group,1
the new terms of service are confusing,1
moderators missed that obvious scam,1
verification costs eight dollars a month,1
urban gardening is my new hobby,0
banana bread recipe that never fails,0
new skill unlocked: sourdough,0
grape juice and a long nap,0
the weather in Essex is grim today,0
I removed the stain from my shirt,0
deleted my old photos from the laptop,0
the sale is illegal cheap lol,0
that movie killed it at the box office,0
I hate Mondays so much,0
the bandwidth at work is awful,0
my team won the cup final,0
the cabinet meeting was boring,0
verified my email address today,0
bananas are on sale this week,0
the band played until midnight,0
learning a new skill every month,0
the urban legend about the lake,0
my cat banned me from the sofa lol,0
the bus was suspended because of snow,0
moderate rain expected tomorrow,0
the speech at the wedding made me cry,0
free coffee at the office today,0
check out my blue jacket,0
she checked the facts before the exam,0
information session at noon,0
the account balance looks fine,0
the post office closed early,0
I deleted the app for a week,0
please stop the spam calls,0
the ban on plastic bags starts in June,0
banished to the kitchen for the holidays,0
